21	Life/일상	창동자동차운전학원에서 2종보통 면허 딴 후기
23	Life/알바부업투자	대학생 때 할 수 있는 이색 알바 - ① 학원 강사 알바
24	Life/일상	집에서 할 수 있는 취미 - ① 칼림바 후기
25	Life/알바부업투자	티스토리 블로그에 동영상 올리기
26	Life/알바부업투자	해피캠퍼스로 수익금 버는 방법
27	Life/알바부업투자	대학생 때 할 수 있는 이색 알바 - ② 자란다 선생님 등록 절차
29	Life/일상	TV수신료 환불받는 방법
31	Life/알바부업투자	대학생 때 할 수 있는 이색 알바 - ③ 과외 - 1. 초중등 수학 과외 자료 쉽게 구하는 법
32	Life/알바부업투자	대학생 때 할 수 있는 이색 알바 - ③ 과외 - 2. 초중등 수학 과외 자료 쉽게 구하는 법 2
33	Life/일상	섬유선종 맘모톰 수술 후기
34	Life/일상	아이패드 이용 후기 및 추천
35	Life/알바부업투자	구글 애드센스 승인받은 후기(승인받는 법, 승인 후 설정해야 할 것)
36	Life/일상	애플워치 SE 구매 후기(애플워치7과 비교)
37	레딧 시리즈 번역/시더빌종합병원	[Reddit] 시더빌 종합병원 1. 나는 의사야. 얼마 전 새로운 도시로 이사했는데, 여기 병원이 약간ㅡ 이상해.
38	레딧 시리즈 번역/시더빌종합병원	[Reddit] 시더빌 종합병원 2. 시더빌 종합병원은 평범한 병원이 아니야.
39	레딧 시리즈 번역/시더빌종합병원	[Reddit] 시더빌 종합병원 3. 야간 근무
40	레딧 시리즈 번역/시더빌종합병원	[Reddit] 시더빌 종합병원 4. 남서관에서의 악몽
41	레딧 시리즈 번역/시더빌종합병원	[Reddit] 시더빌 종합병원 5. 뼈 썰이
42	레딧 시리즈 번역/시더빌종합병원	[Reddit] 시더빌 종합병원 6. 신 컴플렉스를 가진 너드가 자신의 '창작물'들을 자랑했어.
43	레딧 시리즈 번역/시더빌종합병원	[Reddit] 시더빌 종합병원 7. 남서관을 찾아낸 게 정말 후회돼.
44	레딧 시리즈 번역/시더빌종합병원	[Reddit] 시더빌 종합병원 8. 그는 보기보다 더
45	레딧 시리즈 번역/시더빌종합병원	[Reddit] 시더빌 종합병원 9. 나는 긴 복도가 싫어.(完)
46	레딧 시리즈 번역/만약 네가 구부러진 뿔이 난 사람을	[Reddit] 만약 네가 구부러진 뿔이 난 사람을 만났다면, - 1. 넌 이걸 생사의 문제로 볼 필요도 없어.
47	레딧 시리즈 번역/만약 네가 구부러진 뿔이 난 사람을	[Reddit] 만약 네가 구부러진 뿔이 난 사람을 만났다면, - 2. 이미 너무 늦었을 때야.
48	레딧 시리즈 번역/만약 네가 구부러진 뿔이 난 사람을	[Reddit] 만약 네가 구부러진 뿔이 난 사람을 만났다면, - 3. 절대 그 비명 소리를 듣지 마.레딧 시리즈 번역/만약 네가 구부러진 뿔이
49	레딧 짧은 괴담 번역/단편 괴담	[Reddit] 스무고개
50	레딧 짧은 괴담 번역/단편 괴담	[Reddit] 피부를 입는 자들을 조심해
51	레딧 짧은 괴담 번역/단편 괴담	[Reddit] 영원한 마흔
52	레딧 짧은 괴담 번역/단편 괴담	[Reddit] 나는 세계적으로 유명한 마술사다. 내 마지막 마술은 아마 내 죽음일 것이다.
53	레딧 짧은 괴담 번역/단편 괴담	[Reddit] 슬프지만 여기서 사는게 더는 안전하지 않은 것 같아
54	레딧 짧은 괴담 번역/단편 괴담	[Reddit] 우리 아빠는 밤에 묘지에서 일하시는데, 뭔가가 우리 아빠가 묘지 관리인이 아니래.
55	레딧 짧은 괴담 번역/단편 괴담	[Reddit] 나는 산타를 봤어
56	Life/알바부업투자	쿠팡 파트너스 최종 승인 완료 (추천인 코드)
57	레딧 시리즈 번역/만약 네가 구부러진 뿔이 난 사람을	[Reddit] 만약 네가 구부러진 뿔이 난 사람을 만났다면, - 4. 네가 혼자가 아니길 기도해.
58	레딧 짧은 괴담 번역/두 줄 괴담	[Reddit] 두 줄 괴담 모음 001~010
59	레딧 시리즈 번역/왼쪽 오른쪽 게임	[Reddit] 왼쪽/오른쪽 게임 들어봤어? - 1-1
60	Life/일상	인생 첫 눈썹문신 내돈내산 후기 종로눈썹/성북눈썹/동대문눈썹
61	레딧 시리즈 번역/왼쪽 오른쪽 게임	[Reddit] 왼쪽/오른쪽 게임 들어봤어? - 1-2
62	레딧 짧은 괴담 번역/두 줄 괴담	[Reddit] 두 줄 괴담 모음 011~020
63	Life/알바부업투자	구글 애드센스 크롤링 오류 해결(서치콘솔,구글애드센스)
64	Life/일상	눈썹문신 일주일 경과 후기
65	레딧 시리즈 번역/왼쪽 오른쪽 게임	[Reddit] 왼쪽/오른쪽 게임 들어봤어? - 1-3
66	Life/알바부업투자	쿠팡 파트너스 수익금 지급을 위한 정보 입력 방법
67	레딧 짧은 괴담 번역/두 줄 괴담	[Reddit] 두 줄 괴담 모음 021~030
68	레딧 짧은 괴담 번역/두 줄 괴담	[Reddit] 두 줄 괴담 모음 031~040
69	레딧 짧은 괴담 번역/두 줄 괴담	[Reddit] 두 줄 괴담 모음 041~050
70	레딧 짧은 괴담 번역/두 줄 괴담	[Reddit] 두 줄 괴담 모음 051~060
71	레딧 짧은 괴담 번역/두 줄 괴담	[Reddit] 두 줄 괴담 모음 061~070
72	레딧 짧은 괴담 번역/두 줄 괴담	[Reddit] 두 줄 괴담 모음 071~080
73	레딧 짧은 괴담 번역/두 줄 괴담	[Reddit] 두 줄 괴담 모음 081~090
74	레딧 짧은 괴담 번역/두 줄 괴담	[Reddit] 두 줄 괴담 모음 091~100
75	레딧 짧은 괴담 번역/두 줄 괴담	[Reddit] 두 줄 괴담 모음 101~110
76	레딧 짧은 괴담 번역/두 줄 괴담	[Reddit] 두 줄 괴담 모음 111~120
77	레딧 짧은 괴담 번역/두 줄 괴담	[Reddit] 두 줄 괴담 모음 121~130
79	레딧 짧은 괴담 번역/두 줄 괴담	[Reddit] 두 줄 괴담 모음 131~140
80	레딧 짧은 괴담 번역/두 줄 괴담	[Reddit] 두 줄 괴담 모음 141~150
81	레딧 짧은 괴담 번역/두 줄 괴담	[Reddit] 두 줄 괴담 모음 151~160
82	레딧 짧은 괴담 번역/두 줄 괴담	[Reddit] 두 줄 괴담 모음 161~170
83	레딧 짧은 괴담 번역/두 줄 괴담	[Reddit] 두 줄 괴담 모음 171~180
84	Life/일상	2022년 10월~11월 약 한 달 간의 취준 후기(비상경 문과가 초봉 5000에 첫 취뽀하기)
85	레딧 짧은 괴담 번역/두 줄 괴담	[Reddit] 두 줄 괴담 모음 181~190
86	Life/여행	[발리] 10박 12일 발리여행 후기 - 1일차 스미냑 발리W, Moonlite kitchen and bar, Woobar
87	Life/여행	[발리] 10박 12일 발리여행 후기 - 2일차 스미냑 발리W, Sisterfields, Seminyak Village, Kanvaz Patisserie, The care day spa, Seasalt, Potato Head Beach Club
88	레딧 짧은 괴담 번역/두 줄 괴담	[Reddit] 두 줄 괴담 모음 191~200
89	레딧 짧은 괴담 번역/두 줄 괴담	[Reddit] 두 줄 괴담 모음 201~210
90	레딧 짧은 괴담 번역/두 줄 괴담	[Reddit] 두 줄 괴담 모음 211~220
91	레딧 짧은 괴담 번역/두 줄 괴담	[Reddit] 두 줄 괴담 모음 221~230
92	레딧 짧은 괴담 번역/단편 괴담	[Reddit] 나는 폐허 탐험가다. 발견한 사냥 오두막을 경찰에 신고할 수 없어, 이곳에 고백한다.
93	레딧 짧은 괴담 번역/단편 괴담	[Reddit] 엄마는 돌아가실 때까지 내 어린 시절 녹음기를 숨겨두셨고, 이제야 그 이유를 알았다.
94	레딧 짧은 괴담 번역/두 줄 괴담	[Reddit] 두 줄 괴담 모음 231~240
95	레딧 짧은 괴담 번역/두 줄 괴담	[Reddit] 두 줄 괴담 모음 241~250
96	레딧 짧은 괴담 번역/단편 괴담	[Reddit] 내 아들은 태어난 날부터 내 뒤에 있는 무언가를 바라보고 있다
97	레딧 짧은 괴담 번역/두 줄 괴담	[Reddit] 두 줄 괴담 모음 251~260
98	레딧 짧은 괴담 번역/단편 괴담	[Reddit] 삼촌의 헛간에는 바닥문이 있다
99	레딧 짧은 괴담 번역/두 줄 괴담	[Reddit] 두 줄 괴담 모음 261~270
100	레딧 짧은 괴담 번역/두 줄 괴담	[Reddit] 두 줄 괴담 모음 271~280
101	레딧 짧은 괴담 번역/단편 괴담	[Reddit] 내가 깊이 잠든 사이
102	레딧 짧은 괴담 번역/단편 괴담	[Reddit] 가정폭력 신고 전화를 받았다
103	레딧 짧은 괴담 번역/두 줄 괴담	[Reddit] 두 줄 괴담 모음 281~290
104	레딧 짧은 괴담 번역/단편 괴담	[Reddit] 아직 살아 있는 시체는 어떻게 처리해야 하나요?
105	레딧 짧은 괴담 번역/단편 괴담	[Reddit] 그것은 따라온다
106	레딧 짧은 괴담 번역/두 줄 괴담	[Reddit] 두 줄 괴담 모음 291~300
107	레딧 짧은 괴담 번역/두 줄 괴담	[Reddit] 두 줄 괴담 모음 301~310
108	레딧 짧은 괴담 번역/두 줄 괴담	[Reddit] 두 줄 괴담 모음 311~320
109	레딧 짧은 괴담 번역/단편 괴담	[Reddit] 비대면 음식 배달봉투에 이상한 구멍이 뚫려 오는 줄만 알았다. 나는 완전히 틀렸다.
110	레딧 짧은 괴담 번역/단편 괴담	[Reddit] 이상한 캠 사이트 팝업을 클릭했다. 이제는 너무 늦었다.
111	레딧 짧은 괴담 번역/두 줄 괴담	[Reddit] 두 줄 괴담 모음 321~330
112	레딧 짧은 괴담 번역/두 줄 괴담	[Reddit] 두 줄 괴담 모음 331~340
113	레딧 짧은 괴담 번역/두 줄 괴담	[Reddit] 두 줄 괴담 모음 341~350
114	레딧 짧은 괴담 번역/두 줄 괴담	[Reddit] 두 줄 괴담 모음 351~360
115	레딧 짧은 괴담 번역/두 줄 괴담	[Reddit] 두 줄 괴담 모음 361~370
116	레딧 짧은 괴담 번역/두 줄 괴담	[Reddit] 두 줄 괴담 모음 371~380
117	레딧 짧은 괴담 번역/단편 괴담	[Reddit] 내 여자친구는 수술실에 들어갔고, 다시는 나오지 못했다.
118	레딧 짧은 괴담 번역/두 줄 괴담	[Reddit] 두 줄 괴담 모음 381~390
119	레딧 짧은 괴담 번역/두 줄 괴담	[Reddit] 두 줄 괴담 모음 391~400
120	레딧 짧은 괴담 번역/두 줄 괴담	[Reddit] 두 줄 괴담 모음 401~410
121	레딧 짧은 괴담 번역/두 줄 괴담	[Reddit] 두 줄 괴담 모음 411~420
122	레딧 짧은 괴담 번역/두 줄 괴담	[Reddit] 두 줄 괴담 모음 421~430
123	레딧 짧은 괴담 번역/두 줄 괴담	[Reddit] 두 줄 괴담 모음 431~440
124	레딧 짧은 괴담 번역/두 줄 괴담	[Reddit] 두 줄 괴담 모음 441~450
125	레딧 짧은 괴담 번역/두 줄 괴담	[Reddit] 두 줄 괴담 모음 451~460
126	레딧 짧은 괴담 번역/단편 괴담	[Reddit] 월세가 유독 쌌던 2층집, 밤마다 불이 저절로 켜지는 이유
127	레딧 짧은 괴담 번역/두 줄 괴담	[Reddit] 두 줄 괴담 모음 461~470
128	레딧 짧은 괴담 번역/단편 괴담	[Reddit] 눈밭에 맨발 자국이 이어지던 농가, 내가 경찰을 그만둔 이유
129	레딧 짧은 괴담 번역/두 줄 괴담	[Reddit] 두 줄 괴담 모음 471~480
130	레딧 짧은 괴담 번역/단편 괴담	[Reddit] 일곱 살 때부터 내 방 거울 속에 앉아 있던 남자의 정체
131	레딧 짧은 괴담 번역/두 줄 괴담	[Reddit] 두 줄 괴담 모음 481~490
132	레딧 짧은 괴담 번역/단편 괴담	[Reddit] 엄마 장례식 6년 뒤, 공책 마지막 장에 나중에 덧쓰인 한 줄
133	레딧 짧은 괴담 번역/두 줄 괴담	[Reddit] 두 줄 괴담 모음 491~500
134	레딧 짧은 괴담 번역/단편 괴담	[Reddit] 태어난 적 없는 여동생이 꿈속 열세 번째 생일에 빈 소원
135	레딧 짧은 괴담 번역/두 줄 괴담	[Reddit] 두 줄 괴담 모음 501~510
136	레딧 짧은 괴담 번역/단편 괴담	[Reddit] 폐업한 쇼핑몰에 셋이 들어갔는데, 나 혼자 걸어 나온 이유
137	레딧 짧은 괴담 번역/두 줄 괴담	[Reddit] 두 줄 괴담 모음 511~520
138	레딧 짧은 괴담 번역/단편 괴담	[Reddit] 등 뒤에서 나를 보고 있는 것의 정체를 알아내는 법
139	레딧 짧은 괴담 번역/두 줄 괴담	[Reddit] 두 줄 괴담 모음 521~530
140	레딧 짧은 괴담 번역/단편 괴담	[Reddit] 새벽 2시 중환자실, 영안실에서 올라온 엘리베이터의 정체
141	레딧 짧은 괴담 번역/두 줄 괴담	[Reddit] 두 줄 괴담 모음 531~540
142	레딧 짧은 괴담 번역/단편 괴담	[Reddit] 1998년 엄마의 취재 수첩에 적혀 있던, 성당을 개조한 그 식당의 정체
143	레딧 짧은 괴담 번역/두 줄 괴담	[Reddit] 두 줄 괴담 모음 541~550
144	레딧 짧은 괴담 번역/단편 괴담	[Reddit] 종말 3년 차 생존자가 절대 어기지 않는 여섯 가지 규칙
145	레딧 짧은 괴담 번역/두 줄 괴담	[Reddit] 두 줄 괴담 모음 551~560
146	레딧 짧은 괴담 번역/단편 괴담	[Reddit] 여자친구를 미행한 날, 연극 작업실에서 그녀가 닫은 상자 [9편]
147	Life/여행	[발리] 10박 12일 발리여행 후기 - 3일차 스미냑 W발리 조식, 우붓 이동, 악사리 리조트 우붓 체크인 (Aksari Resort Ubud), 우붓 시내 저녁
148	Life/여행	[발리] 10박 12일 발리여행 후기 - 4일차 동부 일출 투어 (렘푸양 천국의 문, 띠르따강가, 칸토람포 폭포, 뜨갈랄랑) + 생일 저녁 Ar
149	Life/여행	[발리] 10박 12일 발리여행 후기 - 5일차 우붓 시내 (우붓 왕궁, 우붓 시장, 사라스와띠 사원, Cafe Lotus, 몽키포레스트 원숭이 습격 사건)
150	Life/여행	[발리] 10박 12일 발리여행 후기 - 6일차 악사리 리조트 플로팅 조식, 발리 스윙 (Bali Swing) 빨간 드레스 사진, Ambar Ubud 저녁
151	Life/여행	[발리] 10박 12일 발리여행 후기 - 7일차 우붓에서 짐바란 이동, 림바 바이 아야나 (RIMBA by AYANA Bali) 체크인, 록바 (Rock Bar) 선셋
152	Life/여행	[발리] 10박 12일 발리여행 후기 - 8일차 발리 남부 투어 (GWK 문화공원, 울루와투 사원, 파당파당 해변), 짐바란 해변 씨푸드 판단사리 (Pandan Sari), 여권 가방 분실 사건
153	Life/여행	[발리] 10박 12일 발리여행 후기 - 9일차 아야나 리조트 산책, 발리 출국, 에어아시아 출발 시간 변경 사건, 쿠알라룸푸르 환승 + 여행
154	레딧 시리즈 번역/시더빌종합병원	[Reddit] 시더빌 종합병원 2. 시더빌 종합병원은 평범한 병원이 아니야. (리마스터)
155	Life/여행	[오사카] 혼자 떠난 오사카·교토 3박 4일 여행 1일차 - 대한항공 KE725 탑승기, 난카이 라피트 예매 방법, 도톤보리 쿠시카츠 혼술
156	Life/여행	[오사카] 혼자 떠난 오사카·교토 3박 4일 여행 2일차 - 교토 당일 버스투어 (아라시야마 치쿠린, 노노미야 신사, 금각사, 후시미이나리, 기요미즈데라) + 도톤보리 니쿠스시
157	Life/여행	[오사카] 혼자 떠난 오사카·교토 3박 4일 여행 3일차 - 도톤보리 미츠루 야키니쿠 코스 (TakeMe 예약), 돈보리 리버크루즈, 핑크카와이 카페, 신사이바시 가라오케 바
158	Life/여행	[오사카] 혼자 떠난 오사카·교토 3박 4일 여행 4일차 - 간사이공항 Pocket Change 동전 환전, 대한항공 KE724 귀국 + 3박 4일 경비 총정리와 혼자 여행 꿀팁 10가지
159	레딧 시리즈 번역/시더빌종합병원	[Reddit] 시더빌 종합병원 1. 나는 의사야. 얼마 전 새로운 도시로 이사했는데, 여기 병원이 약간ㅡ 이상해. (리마스터)
160	레딧 시리즈 번역/시더빌종합병원	[Reddit] 시더빌 종합병원 3. 야간 근무 (리마스터)
161	레딧 시리즈 번역/시더빌종합병원	[Reddit] 시더빌 종합병원 4. 남서관에서의 악몽 (리마스터)
162	레딧 시리즈 번역/시더빌종합병원	[Reddit] 시더빌 종합병원 5. 뼈톱 (리마스터)
163	레딧 시리즈 번역/시더빌종합병원	[Reddit] 시더빌 종합병원 6. 신 컴플렉스를 가진 너드가 자신의 '창작물'들을 자랑했어. (리마스터)
164	레딧 시리즈 번역/시더빌종합병원	[Reddit] 시더빌 종합병원 7. 남서관을 찾아낸 게 정말 후회돼. (리마스터)
165	레딧 시리즈 번역/시더빌종합병원	[Reddit] 시더빌 종합병원 8. 그는 보기보다 더 (리마스터)
166	레딧 시리즈 번역/시더빌종합병원	[Reddit] 시더빌 종합병원 9. 나는 긴 복도가 싫어.(完) (리마스터)
167	Life/여행	[제주] 엄마와 둘이 떠난 제주 2박 3일 여행 1일차 - 김포공항 출발, 신라스테이 제주, 신제주 갈치조림, 이호테우 해수욕장 노을, 흑돼지 저녁
168	Life/여행	[제주] 엄마와 둘이 떠난 제주 2박 3일 여행 2일차 (오전) - 신라스테이 조식, 새별오름, 서귀포 조랑말 승마 체험, 정방폭포, 휴애리 자연생활공원
169	Life/여행	[제주] 엄마와 둘이 떠난 제주 2박 3일 여행 2일차 (오후) - 휴애리 돌탑 정원, 쇠소깍 투명카약, 쇠소깍 고기국수, 신라스테이 제주 라운지 바
170	Life/여행	[제주] 엄마와 둘이 떠난 제주 2박 3일 여행 3일차 - 제주시 국수 맛집, 제주민속자연사박물관, 노을 속 귀가 + 2박 3일 경비 총정리와 부모님 모시고 제주 가는 꿀팁
171	레딧 시리즈 번역/만약 네가 구부러진 뿔이 난 사람을	[Reddit] 만약 네가 구부러진 뿔이 난 사람을 만났다면, - 1. 목숨이 걸린 문제라고 생각하고 읽어. (리마스터)
172	레딧 시리즈 번역/만약 네가 구부러진 뿔이 난 사람을	[Reddit] 만약 네가 구부러진 뿔이 난 사람을 만났다면, - 2. 이미 너무 늦었을 때야. (리마스터)
173	레딧 시리즈 번역/만약 네가 구부러진 뿔이 난 사람을	[Reddit] 만약 네가 구부러진 뿔이 난 사람을 만났다면, - 3. 절대 그 비명 소리를 듣지 마. (리마스터)
174	레딧 시리즈 번역/만약 네가 구부러진 뿔이 난 사람을	[Reddit] 만약 네가 구부러진 뿔이 난 사람을 만났다면, - 4. 네가 혼자가 아니길 기도해. (리마스터)
175	레딧 시리즈 번역/왼쪽 오른쪽 게임	[Reddit] 왼쪽/오른쪽 게임 들어봤어? - 1-1 (리마스터)
176	레딧 시리즈 번역/왼쪽 오른쪽 게임	[Reddit] 왼쪽/오른쪽 게임 들어봤어? - 1-2 (리마스터)
177	레딧 시리즈 번역/왼쪽 오른쪽 게임	[Reddit] 왼쪽/오른쪽 게임 들어봤어? - 1-3 (리마스터)
178	레딧 시리즈 번역/왼쪽 오른쪽 게임	[Reddit] 왼쪽/오른쪽 게임 들어봤어? - 2-1
179	레딧 시리즈 번역/왼쪽 오른쪽 게임	[Reddit] 왼쪽/오른쪽 게임 들어봤어? - 2-2
180	레딧 시리즈 번역/왼쪽 오른쪽 게임	[Reddit] 왼쪽/오른쪽 게임 들어봤어? - 2-3
181	레딧 시리즈 번역/왼쪽 오른쪽 게임	[Reddit] 왼쪽/오른쪽 게임 들어봤어? - 3-1
182	레딧 시리즈 번역/왼쪽 오른쪽 게임	[Reddit] 왼쪽/오른쪽 게임 들어봤어? - 3-2
183	레딧 시리즈 번역/왼쪽 오른쪽 게임	[Reddit] 왼쪽/오른쪽 게임 들어봤어? - 3-3
184	레딧 시리즈 번역/왼쪽 오른쪽 게임	[Reddit] 왼쪽/오른쪽 게임 들어봤어? - 4-1
186	레딧 짧은 괴담 번역/두 줄 괴담	[Reddit] 두 줄 괴담 모음 561~570
187	레딧 짧은 괴담 번역/단편 괴담	[Reddit] 나흘째 연락 없는 친구를 찾아 오두막 문을 연 뒤로, 나는 낚시를 못 한다
188	레딧 시리즈 번역/왼쪽 오른쪽 게임	[Reddit] 왼쪽/오른쪽 게임 들어봤어? - 4-2
189	레딧 시리즈 번역/왼쪽 오른쪽 게임	[Reddit] 왼쪽/오른쪽 게임 들어봤어? - 4-3
190	레딧 시리즈 번역/왼쪽 오른쪽 게임	[Reddit] 왼쪽/오른쪽 게임 들어봤어? - 5-1
208	레딧 짧은 괴담 번역/두 줄 괴담	[Reddit] 두 줄 괴담 모음 571~580
209	레딧 짧은 괴담 번역/단편 괴담	[Reddit] 등산로 끝에 스프레이로 그어진 흰 선의 정체
216	레딧 짧은 괴담 번역/두 줄 괴담	[Reddit] 두 줄 괴담 모음 581~590
217	레딧 짧은 괴담 번역/단편 괴담	[Reddit] 3년 만에 돌아온 형이 블랙커피를 마신 이유
